Name,team,salary,position,height,weight,Hit,HR,Win,Lose,Save,Hold
上本　崇司,Carp,1200,内野手,170,72,0,0,NA,NA,NA,NA
曽根　海成,Carp,1000,内野手,175,74,0,0,NA,NA,NA,NA
鈴木　誠也,Carp,31000,外野手,181,98,37,7,NA,NA,NA,NA
田中　広輔,Carp,15000,内野手,171,84,13,1,NA,NA,NA,NA
長野　久義,Carp,16500,外野手,180,82,11,0,NA,NA,NA,NA
安部　友裕,Carp,3250,内野手,181,88,21,1,NA,NA,NA,NA
堂林　翔太,Carp,3600,内野手,183,92,14,0,NA,NA,NA,NA
クロン,Carp,8400,内野手,195,115,17,3,NA,NA,NA,NA
九里　亜蓮,Carp,8700,投手,187,96,NA,NA,3,3,0,0
大道　温貴,Carp,1000,投手,180,80,NA,NA,2,0,0,3
森浦　大輔,Carp,1100,投手,175,72,NA,NA,0,1,0,5
大瀬良　大地,Carp,15000,投手,187,90,NA,NA,2,0,0,0
今村　猛,Carp,6000,投手,183,94,NA,NA,NA,NA,NA,NA
岡田　明丈,Carp,3300,投手,185,89,NA,NA,NA,NA,NA,NA
森下　暢仁,Carp,4300,投手,180,77,NA,NA,3,3,0,0
野村　祐輔,Carp,12000,投手,177,84,NA,NA,0,3,0,0
栗林　良吏,Carp,1600,投手,178,83,NA,NA,0,0,8,0
中﨑　翔太,Carp,8700,投手,186,101,NA,NA,NA,NA,NA,NA
中村　奨成,Carp,700,捕手,181,81,2,0,NA,NA,NA,NA
薮田　和樹,Carp,2500,投手,188,86,NA,NA,NA,NA,NA,NA
中田　廉,Carp,2300,投手,189,94,NA,NA,0,0,0,4
會澤　翼,Carp,18000,捕手,175,87,21,1,NA,NA,NA,NA
床田　寛樹,Carp,2700,投手,181,88,NA,NA,1,2,0,0
ケムナ　誠,Carp,1600,投手,190,100,NA,NA,0,1,0,2
一岡　竜司,Carp,5600,投手,179,85,NA,NA,NA,NA,NA,NA
坂倉　将吾,Carp,1800,捕手,176,86,15,1,NA,NA,NA,NA
白濱　裕太,Carp,650,捕手,180,93,NA,NA,NA,NA,NA,NA
菊池　涼介,Carp,30000,内野手,171,68,51,5,NA,NA,NA,NA
高橋　昂也,Carp,700,投手,181,87,NA,NA,1,1,0,0
三好　匠,Carp,1300,内野手,174,86,0,0,NA,NA,NA,NA
塹江　敦哉,Carp,1900,投手,178,92,NA,NA,1,1,0,8
野間　峻祥,Carp,3000,外野手,180,85,NA,NA,NA,NA,NA,NA
宇草　孔基,Carp,1100,外野手,185,79,NA,NA,NA,NA,NA,NA
菊池　保則,Carp,2700,投手,180,103,NA,NA,0,0,0,1
磯村　嘉孝,Carp,1600,捕手,178,92,0,0,NA,NA,NA,NA
矢崎　拓也,Carp,800,投手,176,91,NA,NA,NA,NA,NA,NA
バード,Carp,4160,投手,190,99,NA,NA,NA,NA,NA,NA
島内　颯太郎,Carp,1600,投手,180,78,NA,NA,0,0,0,0
林　晃汰,Carp,600,内野手,182,99,NA,NA,NA,NA,NA,NA
桒原　樹,Carp,550,内野手,180,85,NA,NA,NA,NA,NA,NA
高橋　樹也,Carp,800,投手,176,82,NA,NA,0,0,0,0
山口　翔,Carp,700,投手,181,85,NA,NA,NA,NA,NA,NA
アドゥワ　誠,Carp,1650,投手,196,90,NA,NA,NA,NA,NA,NA
正隨　優弥,Carp,750,外野手,180,98,0,0,NA,NA,NA,NA
髙橋　大樹,Carp,700,外野手,181,93,NA,NA,NA,NA,NA,NA
小園　海斗,Carp,800,内野手,178,84,11,0,NA,NA,NA,NA
鈴木　寛人,Carp,550,投手,186,86,NA,NA,NA,NA,NA,NA
小林　樹斗,Carp,500,投手,182,86,NA,NA,NA,NA,NA,NA
韮澤　雄也,Carp,500,内野手,178,81,NA,NA,NA,NA,NA,NA
松山　竜平,Carp,9000,外野手,176,95,14,0,NA,NA,NA,NA
中神　拓都,Carp,500,内野手,175,91,NA,NA,NA,NA,NA,NA
田中　法彦,Carp,500,投手,173,85,NA,NA,NA,NA,NA,NA
藤井　黎來,Carp,500,投手,182,93,NA,NA,0,0,0,0
大盛　穂,Carp,1000,外野手,180,76,1,0,NA,NA,NA,NA
永井　敦士,Carp,450,外野手,178,90,NA,NA,NA,NA,NA,NA
矢野　雅哉,Carp,600,内野手,171,70,0,0,NA,NA,NA,NA
石原　貴規,Carp,700,捕手,173,85,3,0,NA,NA,NA,NA
西川　龍馬,Carp,6300,外野手,176,79,35,5,NA,NA,NA,NA
中村　恭平,Carp,1900,投手,185,89,NA,NA,NA,NA,NA,NA
玉村　昇悟,Carp,450,投手,177,77,NA,NA,0,1,0,0
遠藤　淳志,Carp,2400,投手,186,85,NA,NA,0,0,0,0
中村　祐太,Carp,1500,投手,184,89,NA,NA,0,2,0,0
行木　俊,Carp,550,投手,184,77,NA,NA,NA,NA,NA,NA
羽月　隆太郎,Carp,700,内野手,167,67,15,0,NA,NA,NA,NA
スコット,Carp,2080,投手,193,83,NA,NA,NA,NA,NA,NA
メヒア,Carp,1600,内野手,192,112,2,0,NA,NA,NA,NA
フランスア,Carp,6500,投手,186,101,NA,NA,NA,NA,NA,NA
コルニエル,Carp,230,投手,193,99,NA,NA,0,0,0,0
ネバラスカス,Carp,6560,投手,190,102,NA,NA,NA,NA,NA,NA
畝　章真,Carp,300,投手,177,80,NA,NA,NA,NA,NA,NA
二俣　翔一,Carp,250,捕手,180,78,NA,NA,NA,NA,NA,NA
佐々木　健,Carp,330,投手,189,82,NA,NA,NA,NA,NA,NA
持丸　泰輝,Carp,270,捕手,177,84,NA,NA,NA,NA,NA,NA
木下　元秀,Carp,270,外野手,183,91,NA,NA,NA,NA,NA,NA
戸田　隆矢,Carp,400,投手,181,84,NA,NA,NA,NA,NA,NA
山本　泰寛,Tigers,1800,内野手,176,76,4,0,NA,NA,NA,NA
木浪　聖也,Tigers,3000,内野手,179,78,7,0,NA,NA,NA,NA
梅野　隆太郎,Tigers,11000,捕手,173,75,24,0,NA,NA,NA,NA
大山　悠輔,Tigers,10000,内野手,181,89,34,5,NA,NA,NA,NA
熊谷　敬宥,Tigers,1000,内野手,175,68,0,0,NA,NA,NA,NA
近本　光司,Tigers,7500,外野手,171,67,33,2,NA,NA,NA,NA
糸井　嘉男,Tigers,18500,外野手,188,92,3,0,NA,NA,NA,NA
佐藤　輝明,Tigers,1600,内野手,187,94,31,9,NA,NA,NA,NA
髙山　俊,Tigers,3000,外野手,181,87,NA,NA,NA,NA,NA,NA
坂本　誠志郎,Tigers,1700,捕手,176,77,1,0,NA,NA,NA,NA
岩崎　優,Tigers,9500,投手,185,89,NA,NA,0,0,0,11
チェン・ウェイン,Tigers,20600,投手,183,90,NA,NA,1,0,0,0
西　純矢,Tigers,1200,投手,184,86,NA,NA,NA,NA,NA,NA
西　勇輝,Tigers,20000,投手,181,81,NA,NA,3,2,0,0
岩貞　祐太,Tigers,4700,投手,183,86,NA,NA,2,0,0,9
馬場　皐輔,Tigers,2100,投手,180,92,NA,NA,0,0,0,2
藤浪　晋太郎,Tigers,6000,投手,197,95,NA,NA,2,1,0,0
中田　賢一,Tigers,1750,投手,181,84,NA,NA,NA,NA,NA,NA
岩田　稔,Tigers,1860,投手,179,97,NA,NA,NA,NA,NA,NA
ロハス・ジュニア,Tigers,26000,外野手,189,102,NA,NA,NA,NA,NA,NA
江越　大賀,Tigers,1300,外野手,182,83,0,0,NA,NA,NA,NA
北條　史也,Tigers,2200,内野手,177,79,2,1,NA,NA,NA,NA
伊藤　将司,Tigers,1300,投手,178,85,NA,NA,2,0,0,0
小野　泰己,Tigers,1700,投手,186,77,NA,NA,0,0,0,0
髙橋　遥人,Tigers,2900,投手,181,79,NA,NA,NA,NA,NA,NA
佐藤　蓮,Tigers,1000,投手,188,101,NA,NA,NA,NA,NA,NA
マルテ,Tigers,6700,内野手,185,102,31,7,NA,NA,NA,NA
井上　広大,Tigers,720,外野手,188,95,NA,NA,NA,NA,NA,NA
糸原　健斗,Tigers,5500,内野手,175,78,41,1,NA,NA,NA,NA
浜地　真澄,Tigers,700,投手,185,85,NA,NA,NA,NA,NA,NA
及川　雅貴,Tigers,600,投手,184,78,NA,NA,NA,NA,NA,NA
小幡　竜平,Tigers,1100,内野手,184,76,NA,NA,NA,NA,NA,NA
榮枝　裕貴,Tigers,800,捕手,180,81,NA,NA,NA,NA,NA,NA
尾仲　祐哉,Tigers,850,投手,173,75,NA,NA,NA,NA,NA,NA
村上　頌樹,Tigers,720,投手,174,75,NA,NA,NA,NA,NA,NA
エドワーズ,Tigers,7200,投手,196,108,NA,NA,0,0,0,0
守屋　功輝,Tigers,1750,投手,184,89,NA,NA,NA,NA,NA,NA
アルカンタラ,Tigers,20800,投手,193,100,NA,NA,NA,NA,NA,NA
遠藤　成,Tigers,500,内野手,178,79,NA,NA,NA,NA,NA,NA
秋山　拓巳,Tigers,5100,投手,188,102,NA,NA,3,2,0,0
川原　陸,Tigers,460,投手,186,86,NA,NA,NA,NA,NA,NA
齋藤　友貴哉,Tigers,850,投手,184,92,NA,NA,NA,NA,NA,NA
ガンケル,Tigers,7700,投手,196,102,NA,NA,5,0,0,0
青柳　晃洋,Tigers,5000,投手,183,80,NA,NA,2,2,0,0
中野　拓夢,Tigers,800,内野手,171,69,21,1,NA,NA,NA,NA
サンズ,Tigers,15500,外野手,193,102,28,8,NA,NA,NA,NA
島田　海吏,Tigers,900,外野手,176,69,0,0,NA,NA,NA,NA
加治屋　蓮,Tigers,2000,投手,185,89,NA,NA,1,2,0,1
陽川　尚将,Tigers,2400,内野手,180,88,6,1,NA,NA,NA,NA
小林　慶祐,Tigers,1300,投手,187,86,NA,NA,0,0,0,3
長坂　拳弥,Tigers,750,捕手,173,75,NA,NA,NA,NA,NA,NA
荒木　郁也,Tigers,800,内野手,183,74,NA,NA,NA,NA,NA,NA
藤田　健斗,Tigers,500,捕手,173,78,NA,NA,NA,NA,NA,NA
中谷　将大,Tigers,2500,外野手,187,94,NA,NA,NA,NA,NA,NA
望月　惇志,Tigers,1150,投手,190,88,NA,NA,NA,NA,NA,NA
植田　海,Tigers,1650,内野手,175,71,NA,NA,NA,NA,NA,NA
板山　祐太郎,Tigers,800,外野手,180,80,1,0,NA,NA,NA,NA
桑原　謙太朗,Tigers,2400,投手,184,86,NA,NA,0,0,0,0
湯浅　京己,Tigers,450,投手,183,81,NA,NA,NA,NA,NA,NA
小川　一平,Tigers,950,投手,183,82,NA,NA,NA,NA,NA,NA
髙寺　望夢,Tigers,480,内野手,178,75,NA,NA,NA,NA,NA,NA
俊介,Tigers,1600,外野手,178,77,NA,NA,NA,NA,NA,NA
石井　大智,Tigers,550,投手,175,81,NA,NA,0,0,0,0
スアレス,Tigers,26000,投手,188,95,NA,NA,1,0,7,0
伊藤　和雄,Tigers,800,投手,186,95,NA,NA,NA,NA,NA,NA
石井　将希,Tigers,420,投手,180,89,NA,NA,NA,NA,NA,NA
原口　文仁,Tigers,2800,捕手,182,91,1,0,NA,NA,NA,NA
片山　雄哉,Tigers,420,捕手,177,79,NA,NA,NA,NA,NA,NA
小野寺　暖,Tigers,300,外野手,183,79,0,0,NA,NA,NA,NA
島本　浩也,Tigers,2800,投手,176,72,NA,NA,NA,NA,NA,NA
才木　浩人,Tigers,980,投手,189,88,NA,NA,NA,NA,NA,NA
岩田　将貴,Tigers,300,投手,178,83,NA,NA,NA,NA,NA,NA
鈴木　翔太,Tigers,500,投手,183,75,NA,NA,NA,NA,NA,NA
藤谷　洸介,Tigers,630,内野手,194,97,NA,NA,NA,NA,NA,NA
牧　丈一郎,Tigers,450,投手,181,85,NA,NA,NA,NA,NA,NA
奥山　皓太,Tigers,300,外野手,186,89,NA,NA,NA,NA,NA,NA
中井　大介,DeNA,2520,内野手,183,90,1,0,NA,NA,NA,NA
宮本　秀明,DeNA,700,外野手,178,82,1,0,NA,NA,NA,NA
桑原　将志,DeNA,4900,外野手,174,78,27,2,NA,NA,NA,NA
牧　秀悟,DeNA,1300,内野手,178,93,39,6,NA,NA,NA,NA
伊藤　裕季也,DeNA,1155,内野手,182,90,NA,NA,NA,NA,NA,NA
倉本　寿彦,DeNA,5110,内野手,180,85,13,0,NA,NA,NA,NA
森　敬斗,DeNA,1000,内野手,175,78,NA,NA,NA,NA,NA,NA
佐野　恵太,DeNA,7000,外野手,178,88,45,4,NA,NA,NA,NA
神里　和毅,DeNA,5200,外野手,179,81,10,2,NA,NA,NA,NA
大和,DeNA,10000,内野手,177,77,8,0,NA,NA,NA,NA
戸柱　恭孝,DeNA,4160,捕手,179,90,9,3,NA,NA,NA,NA
東　克樹,DeNA,3320,投手,170,76,NA,NA,NA,NA,NA,NA
阪口　皓亮,DeNA,610,投手,187,86,NA,NA,1,1,0,0
伊勢　大夢,DeNA,2100,投手,182,90,NA,NA,0,0,0,2
石田　健大,DeNA,8450,投手,180,85,NA,NA,0,0,0,0
大貫　晋一,DeNA,5250,投手,181,73,NA,NA,1,3,0,0
三嶋　一輝,DeNA,11000,投手,176,80,NA,NA,0,2,5,0
山﨑　康晃,DeNA,28000,投手,179,88,NA,NA,2,1,0,8
坂本　裕哉,DeNA,1645,投手,180,85,NA,NA,1,1,0,0
今永　昇太,DeNA,10000,投手,178,83,NA,NA,NA,NA,NA,NA
入江　大生,DeNA,1600,投手,187,87,NA,NA,0,4,0,0
オースティン,DeNA,11000,外野手,188,100,21,4,NA,NA,NA,NA
齋藤　俊介,DeNA,1010,投手,176,85,NA,NA,NA,NA,NA,NA
濵口　遥大,DeNA,5500,投手,173,80,NA,NA,2,3,0,0
上茶谷　大河,DeNA,4300,投手,182,83,NA,NA,0,3,0,0
勝又　温史,DeNA,615,投手,180,80,NA,NA,NA,NA,NA,NA
伊藤　光,DeNA,11250,捕手,180,83,NA,NA,NA,NA,NA,NA
飯塚　悟史,DeNA,845,投手,188,90,NA,NA,NA,NA,NA,NA
柴田　竜拓,DeNA,5500,内野手,167,68,16,0,NA,NA,NA,NA
益子　京右,DeNA,560,捕手,176,86,NA,NA,NA,NA,NA,NA
乙坂　智,DeNA,3300,外野手,183,83,3,0,NA,NA,NA,NA
平田　真吾,DeNA,2200,投手,182,85,NA,NA,1,0,0,3
三上　朋也,DeNA,6375,投手,190,90,NA,NA,0,1,0,0
髙城　俊人,DeNA,1250,捕手,176,83,0,0,NA,NA,NA,NA
楠本　泰史,DeNA,1375,外野手,180,82,NA,NA,NA,NA,NA,NA
田中　俊太,DeNA,1700,内野手,178,82,6,0,NA,NA,NA,NA
嶺井　博希,DeNA,3000,捕手,175,85,9,0,NA,NA,NA,NA
松本　隆之介,DeNA,560,投手,188,88,NA,NA,NA,NA,NA,NA
櫻井　周斗,DeNA,765,投手,178,86,NA,NA,0,0,0,0
ロメロ,DeNA,7500,投手,183,104,NA,NA,NA,NA,NA,NA
進藤　拓也,DeNA,660,投手,186,90,NA,NA,NA,NA,NA,NA
小深田　大地,DeNA,560,内野手,178,88,NA,NA,NA,NA,NA,NA
ピープルズ,DeNA,4800,投手,196,86,NA,NA,1,0,0,0
田中　健二朗,DeNA,1000,投手,179,80,NA,NA,NA,NA,NA,NA
砂田　毅樹,DeNA,4400,投手,180,85,NA,NA,0,1,0,4
京山　将弥,DeNA,1320,投手,182,77,NA,NA,0,2,0,0
シャッケルフォード,DeNA,370,投手,196,95,NA,NA,0,0,0,1
山本　祐大,DeNA,605,捕手,180,87,1,0,NA,NA,NA,NA
宮﨑　敏郎,DeNA,17000,内野手,172,85,35,2,NA,NA,NA,NA
細川　成也,DeNA,880,外野手,179,93,0,0,NA,NA,NA,NA
池谷　蒼大,DeNA,720,投手,175,80,NA,NA,0,0,0,0
浅田　将汰,DeNA,495,投手,182,87,NA,NA,NA,NA,NA,NA
田部　隼人,DeNA,540,内野手,185,83,NA,NA,NA,NA,NA,NA
髙田　琢登,DeNA,470,投手,178,78,NA,NA,NA,NA,NA,NA
東妻　純平,DeNA,620,捕手,172,81,NA,NA,NA,NA,NA,NA
武藤　祐太,DeNA,2200,投手,178,85,NA,NA,NA,NA,NA,NA
平良　拳太郎,DeNA,3300,投手,180,80,NA,NA,0,0,0,0
知野　直人,DeNA,615,内野手,182,85,0,0,NA,NA,NA,NA
蝦名　達夫,DeNA,825,外野手,185,88,0,0,NA,NA,NA,NA
エスコバー,DeNA,16000,投手,188,102,NA,NA,1,0,0,3
関根　大気,DeNA,980,外野手,173,78,16,1,NA,NA,NA,NA
風張　蓮,DeNA,1200,投手,182,88,NA,NA,0,0,0,0
山下　幸輝,DeNA,1050,内野手,174,85,3,0,NA,NA,NA,NA
国吉　佑樹,DeNA,5700,投手,196,106,NA,NA,0,0,0,0
中川　虎大,DeNA,470,投手,178,85,NA,NA,0,0,0,0
笠井　崇正,DeNA,570,投手,179,90,NA,NA,0,0,0,0
ソト,DeNA,25000,内野手,185,97,14,3,NA,NA,NA,NA
宮城　滝太,DeNA,375,投手,181,80,NA,NA,NA,NA,NA,NA
石川　達也,DeNA,340,投手,178,73,NA,NA,NA,NA,NA,NA
加藤　大,DeNA,340,投手,177,81,NA,NA,NA,NA,NA,NA
宮國　椋丞,DeNA,840,投手,186,88,NA,NA,NA,NA,NA,NA
コルデロ,DeNA,240,投手,189,88,NA,NA,NA,NA,NA,NA
デラロサ,DeNA,240,内野手,188,92,NA,NA,NA,NA,NA,NA
ディアス,DeNA,240,投手,191,93,NA,NA,NA,NA,NA,NA
スターリン,DeNA,370,投手,201,100,NA,NA,NA,NA,NA,NA
湯浅　大,Giants,600,内野手,172,70,0,0,NA,NA,NA,NA
増田　大輝,Giants,2200,内野手,172,68,3,1,NA,NA,NA,NA
加藤　廉,Giants,400,内野手,181,80,NA,NA,NA,NA,NA,NA
陽　岱鋼,Giants,30000,外野手,184,89,NA,NA,NA,NA,NA,NA
平間　隼人,Giants,360,内野手,173,75,NA,NA,NA,NA,NA,NA
山川　和大,Giants,350,投手,166,78,NA,NA,NA,NA,NA,NA
中島　宏之,Giants,5000,内野手,180,90,9,1,NA,NA,NA,NA
坂本　勇人,Giants,360,捕手,177,84,34,5,NA,NA,NA,NA
坂本　勇人,Giants,50000,内野手,186,86,34,5,NA,NA,NA,NA
加藤　壮太,Giants,240,外野手,188,90,NA,NA,NA,NA,NA,NA
丸　佳浩,Giants,45000,外野手,177,94,14,2,NA,NA,NA,NA
亀井　善行,Giants,11000,外野手,178,82,9,1,NA,NA,NA,NA
スモーク,Giants,31000,内野手,193,99,9,1,NA,NA,NA,NA
笠島　尚樹,Giants,360,投手,178,78,NA,NA,NA,NA,NA,NA
平内　龍太,Giants,1600,投手,185,90,NA,NA,0,0,0,0
平井　快青,Giants,250,投手,184,84,NA,NA,NA,NA,NA,NA
デラロサ,Giants,16000,投手,183,95,NA,NA,0,0,5,0
梶谷　隆幸,Giants,20000,外野手,180,88,37,4,NA,NA,NA,NA
サンチェス,Giants,34000,投手,185,88,NA,NA,2,2,0,0
大竹　寛,Giants,4500,投手,184,96,NA,NA,0,0,0,1
奈良木　陸,Giants,400,投手,182,90,NA,NA,NA,NA,NA,NA
木下　幹也,Giants,360,投手,185,92,NA,NA,NA,NA,NA,NA
菅野　智之,Giants,80000,投手,186,92,NA,NA,2,2,0,0
山崎　伊織,Giants,1200,投手,181,75,NA,NA,NA,NA,NA,NA
田中　優大,Giants,300,投手,185,81,NA,NA,NA,NA,NA,NA
戸郷　翔征,Giants,2600,投手,187,78,NA,NA,2,2,0,0
戸田　懐生,Giants,400,投手,170,71,NA,NA,NA,NA,NA,NA
黒田　響生,Giants,260,内野手,183,80,NA,NA,NA,NA,NA,NA
井納　翔一,Giants,10000,投手,188,94,NA,NA,0,1,0,0
小林　誠司,Giants,10000,捕手,178,86,0,0,NA,NA,NA,NA
野上　亮磨,Giants,3000,投手,177,77,NA,NA,0,1,0,1
大城　卓三,Giants,4500,捕手,187,90,30,4,NA,NA,NA,NA
前田　研輝,Giants,400,捕手,180,85,NA,NA,NA,NA,NA,NA
岡本　和真,Giants,21000,内野手,185,96,31,5,NA,NA,NA,NA
岡本　大翔,Giants,360,内野手,190,92,NA,NA,NA,NA,NA,NA
今村　信貴,Giants,3000,投手,180,90,NA,NA,2,1,0,0
喜多　隆介,Giants,400,捕手,179,83,NA,NA,NA,NA,NA,NA
炭谷　銀仁朗,Giants,15000,捕手,181,98,3,0,NA,NA,NA,NA
鍬原　拓也,Giants,1320,投手,178,85,NA,NA,NA,NA,NA,NA
吉川　尚輝,Giants,3300,内野手,177,78,12,2,NA,NA,NA,NA
鍵谷　陽平,Giants,6500,投手,178,86,NA,NA,1,0,0,4
山﨑　友輔,Giants,400,投手,178,80,NA,NA,NA,NA,NA,NA
松原　聖弥,Giants,2200,外野手,173,74,23,3,NA,NA,NA,NA
廣岡　大志,Giants,1600,内野手,183,81,7,1,NA,NA,NA,NA
堀田　賢慎,Giants,630,投手,185,84,NA,NA,NA,NA,NA,NA
太田　龍,Giants,1080,投手,190,94,NA,NA,NA,NA,NA,NA
桜井　俊貴,Giants,2400,投手,182,89,NA,NA,0,0,0,3
石川　慎吾,Giants,2000,外野手,178,80,1,0,NA,NA,NA,NA
若林　晃弘,Giants,2200,内野手,180,79,12,0,NA,NA,NA,NA
岸田　行倫,Giants,1500,捕手,176,88,0,0,NA,NA,NA,NA
立岡　宗一郎,Giants,1700,外野手,181,82,2,0,NA,NA,NA,NA
谷岡　竜平,Giants,825,投手,181,89,NA,NA,NA,NA,NA,NA
中山　礼都,Giants,600,内野手,182,80,NA,NA,NA,NA,NA,NA
中川　皓太,Giants,7500,投手,183,86,NA,NA,2,1,0,7
メルセデス,Giants,4000,投手,188,82,NA,NA,NA,NA,NA,NA
重信　慎之介,Giants,2800,外野手,173,74,13,1,NA,NA,NA,NA
テームズ,Giants,12500,外野手,180,106,0,0,NA,NA,NA,NA
畠　世周,Giants,2200,投手,186,82,NA,NA,2,1,0,0
與那原　大剛,Giants,380,投手,189,90,NA,NA,NA,NA,NA,NA
髙橋　優貴,Giants,1920,投手,178,82,NA,NA,5,0,0,0
ウィーラー,Giants,5000,内野手,178,100,30,4,NA,NA,NA,NA
ビエイラ,Giants,7000,投手,193,113,NA,NA,0,0,1,0
戸根　千明,Giants,1800,投手,174,100,NA,NA,0,0,0,0
八百板　卓丸,Giants,500,外野手,180,82,NA,NA,NA,NA,NA,NA
阿部　剣友,Giants,300,投手,200,100,NA,NA,NA,NA,NA,NA
北村　拓己,Giants,1500,内野手,181,90,2,0,NA,NA,NA,NA
高梨　雄平,Giants,7000,投手,175,81,NA,NA,0,0,1,5
直江　大輔,Giants,750,投手,184,82,NA,NA,NA,NA,NA,NA
保科　広一,Giants,400,外野手,187,90,NA,NA,NA,NA,NA,NA
伊藤　優輔,Giants,1000,投手,178,82,NA,NA,NA,NA,NA,NA
高木　京介,Giants,2500,投手,183,90,NA,NA,0,0,0,0
山本　一輝,Giants,740,投手,181,86,NA,NA,NA,NA,NA,NA
田中　豊樹,Giants,1400,投手,180,98,NA,NA,0,0,0,0
菊田　拡和,Giants,600,内野手,182,94,NA,NA,NA,NA,NA,NA
増田　陸,Giants,650,内野手,178,85,NA,NA,NA,NA,NA,NA
横川　凱,Giants,630,投手,190,98,NA,NA,NA,NA,NA,NA
古川　侑利,Giants,1300,投手,178,86,NA,NA,NA,NA,NA,NA
大江　竜聖,Giants,2200,投手,173,81,NA,NA,0,0,0,0
松井　義弥,Giants,470,内野手,191,98,NA,NA,NA,NA,NA,NA
香月　一也,Giants,700,内野手,176,83,10,3,NA,NA,NA,NA
山瀬　慎之助,Giants,560,捕手,177,89,NA,NA,NA,NA,NA,NA
秋広　優人,Giants,540,内野手,200,95,NA,NA,NA,NA,NA,NA
萩原　哲,Giants,740,捕手,175,85,NA,NA,NA,NA,NA,NA
井上　温大,Giants,540,投手,175,78,NA,NA,NA,NA,NA,NA
沼田　翔平,Giants,500,投手,175,78,NA,NA,NA,NA,NA,NA
堀岡　隼人,Giants,700,投手,183,87,NA,NA,NA,NA,NA,NA
伊藤　海斗,Giants,540,外野手,187,88,NA,NA,NA,NA,NA,NA
ウレーニャ,Giants,1000,内野手,183,79,0,0,NA,NA,NA,NA
山下　航汰,Giants,510,外野手,174,83,NA,NA,NA,NA,NA,NA
髙松　渡,Dragons,552,内野手,176,65,4,0,NA,NA,NA,NA
京田　陽太,Dragons,6700,内野手,184,88,27,1,NA,NA,NA,NA
石川　昂弥,Dragons,1275,内野手,185,93,NA,NA,NA,NA,NA,NA
高橋　周平,Dragons,8000,内野手,180,85,34,0,NA,NA,NA,NA
藤井　淳志,Dragons,4200,外野手,183,82,NA,NA,NA,NA,NA,NA
阿部　寿樹,Dragons,4500,内野手,185,80,18,2,NA,NA,NA,NA
平田　良介,Dragons,18000,外野手,177,87,9,0,NA,NA,NA,NA
根尾　昂,Dragons,1100,内野手,177,80,14,1,NA,NA,NA,NA
大島　洋平,Dragons,25000,外野手,176,75,42,0,NA,NA,NA,NA
福留　孝介,Dragons,3000,外野手,182,90,6,0,NA,NA,NA,NA
小笠原　慎之介,Dragons,1450,投手,180,95,NA,NA,2,2,0,0
田島　慎二,Dragons,1500,投手,181,84,NA,NA,NA,NA,NA,NA
橋本　侑樹,Dragons,1050,投手,180,71,NA,NA,0,0,0,0
谷元　圭介,Dragons,5400,投手,167,72,NA,NA,0,1,0,4
又吉　克樹,Dragons,4200,投手,181,74,NA,NA,0,0,0,12
柳　裕也,Dragons,4100,投手,180,85,NA,NA,2,1,0,0
梅津　晃大,Dragons,1500,投手,187,90,NA,NA,0,1,0,0
髙橋　宏斗,Dragons,1600,投手,185,85,NA,NA,NA,NA,NA,NA
岡田　俊哉,Dragons,3150,投手,178,67,NA,NA,0,0,0,0
大野　雄大,Dragons,30000,投手,183,83,NA,NA,2,2,0,0
遠藤　一星,Dragons,1260,外野手,182,83,NA,NA,NA,NA,NA,NA
福谷　浩司,Dragons,2900,投手,183,90,NA,NA,1,2,0,0
佐藤　優,Dragons,1430,投手,187,85,NA,NA,NA,NA,NA,NA
井領　雅貴,Dragons,1200,外野手,174,82,5,0,NA,NA,NA,NA
大野　奨太,Dragons,10000,捕手,177,78,NA,NA,NA,NA,NA,NA
森　博人,Dragons,1200,投手,177,80,NA,NA,NA,NA,NA,NA
山井　大介,Dragons,2790,投手,179,86,NA,NA,NA,NA,NA,NA
三好　大倫,Dragons,840,外野手,179,82,NA,NA,NA,NA,NA,NA
渡辺　勝,Dragons,680,外野手,172,80,NA,NA,NA,NA,NA,NA
石垣　雅海,Dragons,800,内野手,181,85,NA,NA,NA,NA,NA,NA
祖父江　大輔,Dragons,7000,投手,175,80,NA,NA,0,2,5,2
福　敬登,Dragons,4600,投手,180,88,NA,NA,0,1,0,6
木下　拓哉,Dragons,2400,捕手,183,92,30,2,NA,NA,NA,NA
岡野　祐一郎,Dragons,1100,投手,180,85,NA,NA,NA,NA,NA,NA
三ツ俣　大樹,Dragons,700,内野手,177,84,4,0,NA,NA,NA,NA
松葉　貴大,Dragons,2500,投手,178,82,NA,NA,0,2,0,0
石川　翔,Dragons,637,投手,179,81,NA,NA,NA,NA,NA,NA
勝野　昌慶,Dragons,1650,投手,183,89,NA,NA,3,2,0,0
ロサリオ,Dragons,5000,投手,185,95,NA,NA,NA,NA,NA,NA
三ツ間　卓也,Dragons,1200,投手,183,92,NA,NA,NA,NA,NA,NA
郡司　裕也,Dragons,1080,捕手,180,86,NA,NA,NA,NA,NA,NA
土田　龍空,Dragons,600,内野手,179,77,NA,NA,NA,NA,NA,NA
鈴木　博志,Dragons,1650,投手,181,95,NA,NA,2,0,0,0
笠原　祥太郎,Dragons,1250,投手,177,85,NA,NA,NA,NA,NA,NA
溝脇　隼人,Dragons,900,内野手,179,75,NA,NA,NA,NA,NA,NA
伊藤　康祐,Dragons,640,外野手,174,75,NA,NA,NA,NA,NA,NA
清水　達也,Dragons,800,投手,182,83,NA,NA,NA,NA,NA,NA
滝野　要,Dragons,624,外野手,185,76,2,0,NA,NA,NA,NA
加藤　匠馬,Dragons,1500,捕手,175,76,NA,NA,NA,NA,NA,NA
マルク,Dragons,420,投手,184,83,NA,NA,NA,NA,NA,NA
藤嶋　健人,Dragons,1840,投手,177,85,NA,NA,1,0,0,2
福田　永将,Dragons,5500,内野手,181,88,16,1,NA,NA,NA,NA
武田　健吾,Dragons,1600,外野手,183,85,3,1,NA,NA,NA,NA
Ａ．マルティネス,Dragons,3000,捕手,190,95,5,1,NA,NA,NA,NA
石橋　康太,Dragons,655,捕手,180,87,1,0,NA,NA,NA,NA
山本　拓実,Dragons,1056,投手,167,71,NA,NA,NA,NA,NA,NA
岡林　勇希,Dragons,580,外野手,175,74,0,0,NA,NA,NA,NA
堂上　直倫,Dragons,3000,内野手,184,86,NA,NA,NA,NA,NA,NA
福島　章太,Dragons,550,投手,176,88,NA,NA,NA,NA,NA,NA
加藤　翼,Dragons,550,投手,179,80,NA,NA,NA,NA,NA,NA
ビシエド,Dragons,30000,内野手,185,108,27,4,NA,NA,NA,NA
ロドリゲス,Dragons,6000,投手,186,97,NA,NA,NA,NA,NA,NA
桂　依央利,Dragons,690,捕手,185,90,0,0,NA,NA,NA,NA
濱田　達郎,Dragons,550,投手,185,95,NA,NA,NA,NA,NA,NA
近藤　廉,Dragons,300,投手,180,87,NA,NA,NA,NA,NA,NA
Ｒ．マルティネス,Dragons,6000,投手,193,93,NA,NA,0,1,4,0
木下　雄介,Dragons,900,投手,183,80,NA,NA,NA,NA,NA,NA
ガーバー,Dragons,5000,外野手,183,86,5,0,NA,NA,NA,NA
竹内　龍臣,Dragons,550,投手,178,77,NA,NA,NA,NA,NA,NA
上田　洸太朗,Dragons,300,投手,184,95,NA,NA,NA,NA,NA,NA
丸山　泰資,Dragons,540,投手,176,80,NA,NA,NA,NA,NA,NA
石岡　諒太,Dragons,540,内野手,187,90,NA,NA,NA,NA,NA,NA
松木平　優太,Dragons,300,投手,178,70,NA,NA,NA,NA,NA,NA
松田　亘哲,Dragons,300,投手,176,80,NA,NA,NA,NA,NA,NA
垣越　建伸,Dragons,550,投手,184,96,NA,NA,NA,NA,NA,NA
山下　斐紹,Dragons,600,捕手,179,93,NA,NA,NA,NA,NA,NA
ワカマツ,Dragons,300,内野手,190,93,NA,NA,NA,NA,NA,NA
並木　秀尊,Swallows,750,外野手,170,70,0,0,NA,NA,NA,NA
奥村　展征,Swallows,1050,内野手,178,76,1,0,NA,NA,NA,NA
山田　哲人,Swallows,50000,内野手,180,76,29,10,NA,NA,NA,NA
中村　悠平,Swallows,9000,捕手,176,83,28,2,NA,NA,NA,NA
西浦　直亨,Swallows,3400,内野手,178,75,19,1,NA,NA,NA,NA
川端　慎吾,Swallows,2000,内野手,185,86,7,0,NA,NA,NA,NA
元山　飛優,Swallows,750,内野手,180,79,9,2,NA,NA,NA,NA
内川　聖一,Swallows,5000,内野手,184,92,5,0,NA,NA,NA,NA
中山　翔太,Swallows,1400,外野手,185,95,1,0,NA,NA,NA,NA
塩見　泰隆,Swallows,1350,外野手,179,76,22,3,NA,NA,NA,NA
荒木　貴裕,Swallows,2500,内野手,180,84,6,0,NA,NA,NA,NA
奥川　恭伸,Swallows,1600,投手,184,82,NA,NA,1,1,0,0
石山　泰稚,Swallows,15000,投手,182,75,NA,NA,0,1,8,0
オスナ,Swallows,8320,内野手,188,106,11,1,NA,NA,NA,NA
小澤　怜史,Swallows,400,投手,182,83,NA,NA,NA,NA,NA,NA
高梨　裕稔,Swallows,3700,投手,187,90,NA,NA,2,1,0,0
バンデンハーク,Swallows,7900,投手,195,105,NA,NA,NA,NA,NA,NA
原　樹理,Swallows,2600,投手,180,79,NA,NA,NA,NA,NA,NA
丸山　翔大,Swallows,280,投手,192,77,NA,NA,NA,NA,NA,NA
清水　昇,Swallows,3600,投手,180,84,NA,NA,0,2,1,11
寺島　成輝,Swallows,1100,投手,183,90,NA,NA,0,0,0,0
下　慎之介,Swallows,280,投手,183,86,NA,NA,NA,NA,NA,NA
石川　雅規,Swallows,9000,投手,167,73,NA,NA,0,1,0,0
木澤　尚文,Swallows,1400,投手,183,85,NA,NA,NA,NA,NA,NA
山野　太一,Swallows,1100,投手,172,77,NA,NA,0,0,0,0
松井　聖,Swallows,280,捕手,175,80,NA,NA,NA,NA,NA,NA
赤羽　由紘,Swallows,280,内野手,175,79,NA,NA,NA,NA,NA,NA
青木　宣親,Swallows,33000,外野手,175,80,13,0,NA,NA,NA,NA
星　知弥,Swallows,1700,投手,183,78,NA,NA,NA,NA,NA,NA
内山　太嗣,Swallows,300,捕手,171,77,NA,NA,NA,NA,NA,NA
サンタナ,Swallows,10400,外野手,195,104,7,3,NA,NA,NA,NA
坂本　光士郎,Swallows,880,投手,179,75,NA,NA,1,1,0,4
吉田　大喜,Swallows,1500,投手,175,83,NA,NA,0,0,0,0
小川　泰弘,Swallows,16000,投手,171,80,NA,NA,2,1,0,0
西田　明央,Swallows,2500,捕手,178,83,1,0,NA,NA,NA,NA
山崎　晃大朗,Swallows,2200,外野手,173,68,30,1,NA,NA,NA,NA
松本　直樹,Swallows,950,捕手,177,82,NA,NA,NA,NA,NA,NA
内山　壮真,Swallows,580,捕手,171,71,0,0,NA,NA,NA,NA
田口　麗斗,Swallows,7000,投手,171,83,NA,NA,1,2,0,0
杉山　晃基,Swallows,750,投手,182,84,NA,NA,0,0,0,0
マクガフ,Swallows,10500,投手,180,86,NA,NA,2,0,1,9
梅野　雄吾,Swallows,2900,投手,175,84,NA,NA,0,0,0,2
宮本　丈,Swallows,1300,内野手,182,78,NA,NA,NA,NA,NA,NA
市川　悠太,Swallows,550,投手,184,75,NA,NA,NA,NA,NA,NA
雄平,Swallows,7500,外野手,174,83,NA,NA,NA,NA,NA,NA
坂口　智隆,Swallows,12000,外野手,181,82,0,0,NA,NA,NA,NA
スアレス,Swallows,5250,投手,190,106,NA,NA,1,2,0,0
大西　広樹,Swallows,780,投手,175,84,NA,NA,NA,NA,NA,NA
嶋　基宏,Swallows,4000,捕手,179,84,0,0,NA,NA,NA,NA
太田　賢吾,Swallows,1350,内野手,186,85,10,0,NA,NA,NA,NA
高橋　奎二,Swallows,1450,投手,178,73,NA,NA,NA,NA,NA,NA
金久保　優斗,Swallows,580,投手,183,74,NA,NA,2,0,0,0
渡邉　大樹,Swallows,750,外野手,182,87,2,0,NA,NA,NA,NA
濱田　太貴,Swallows,750,外野手,177,81,NA,NA,NA,NA,NA,NA
近藤　弘樹,Swallows,450,投手,186,103,NA,NA,0,1,0,8
長谷川　宙輝,Swallows,1050,投手,175,80,NA,NA,1,0,0,0
サイスニード,Swallows,8320,投手,193,97,NA,NA,NA,NA,NA,NA
村上　宗隆,Swallows,10000,内野手,188,97,32,10,NA,NA,NA,NA
鈴木　裕太,Swallows,480,投手,182,93,NA,NA,NA,NA,NA,NA
古賀　優大,Swallows,700,捕手,177,74,6,0,NA,NA,NA,NA
長岡　秀樹,Swallows,550,内野手,174,74,0,0,NA,NA,NA,NA
大村　孟,Swallows,630,捕手,169,78,NA,NA,NA,NA,NA,NA
武岡　龍世,Swallows,550,内野手,178,77,1,0,NA,NA,NA,NA
久保　拓眞,Swallows,700,投手,175,75,NA,NA,NA,NA,NA,NA
歳内　宏明,Swallows,800,投手,184,90,NA,NA,NA,NA,NA,NA
中尾　輝,Swallows,1200,投手,180,83,NA,NA,NA,NA,NA,NA
大下　佑馬,Swallows,1200,投手,179,83,NA,NA,0,0,0,0
松本　友,Swallows,550,内野手,179,86,11,0,NA,NA,NA,NA
吉田　大成,Swallows,720,内野手,175,80,NA,NA,NA,NA,NA,NA
嘉手苅　浩太,Swallows,500,投手,191,105,NA,NA,NA,NA,NA,NA
宮台　康平,Swallows,600,投手,178,83,NA,NA,NA,NA,NA,NA
今野　龍太,Swallows,800,投手,178,87,NA,NA,1,0,0,2
蔵本　治孝,Swallows,600,投手,185,95,NA,NA,NA,NA,NA,NA
川瀬　晃,Softbank,1500,内野手,175,69,NA,NA,NA,NA,NA,NA
髙田　知季,Softbank,2050,内野手,176,68,1,0,NA,NA,NA,NA
スチュワート・ジュニア,Softbank,11000,投手,198,101,NA,NA,0,0,0,0
バレンティン,Softbank,50000,外野手,185,100,NA,NA,NA,NA,NA,NA
松田　宣浩,Softbank,45000,内野手,180,86,33,4,NA,NA,NA,NA
今宮　健太,Softbank,29000,内野手,172,76,16,2,NA,NA,NA,NA
中村　晃,Softbank,24000,外野手,175,83,33,3,NA,NA,NA,NA
明石　健志,Softbank,6500,内野手,175,65,4,0,NA,NA,NA,NA
柳田　悠岐,Softbank,61000,外野手,188,87,41,6,NA,NA,NA,NA
大竹　耕太郎,Softbank,2400,投手,184,78,NA,NA,0,1,0,0
津森　宥紀,Softbank,1300,投手,176,84,NA,NA,1,0,0,3
髙谷　裕亮,Softbank,3200,捕手,178,83,0,0,NA,NA,NA,NA
二保　旭,Softbank,2800,投手,182,75,NA,NA,0,1,0,0
東浜　巨,Softbank,9000,投手,182,80,NA,NA,NA,NA,NA,NA
岩嵜　翔,Softbank,6800,投手,189,85,NA,NA,1,1,0,8
武田　翔太,Softbank,6000,投手,187,90,NA,NA,2,1,0,0
甲斐　拓也,Softbank,16500,捕手,170,85,31,3,NA,NA,NA,NA
甲斐野　央,Softbank,3800,投手,187,90,NA,NA,NA,NA,NA,NA
和田　毅,Softbank,15000,投手,179,80,NA,NA,2,2,0,0
牧原　巧汰,Softbank,550,捕手,176,81,NA,NA,NA,NA,NA,NA
周東　佑京,Softbank,4000,内野手,180,66,27,2,NA,NA,NA,NA
長谷川　勇也,Softbank,7000,外野手,180,86,4,0,NA,NA,NA,NA
田中　正義,Softbank,1200,投手,188,93,NA,NA,NA,NA,NA,NA
レイ,Softbank,10000,投手,196,106,NA,NA,NA,NA,NA,NA
グラシアル,Softbank,35000,内野手,187,95,40,5,NA,NA,NA,NA
高橋　礼,Softbank,6750,投手,188,87,NA,NA,1,1,0,0
石川　柊太,Softbank,8000,投手,185,87,NA,NA,1,2,0,0
佐藤　直樹,Softbank,1500,外野手,177,87,0,0,NA,NA,NA,NA
栗原　陵矢,Softbank,4400,捕手,178,78,41,4,NA,NA,NA,NA
柳町　達,Softbank,770,外野手,180,78,NA,NA,NA,NA,NA,NA
増田　珠,Softbank,660,内野手,179,84,NA,NA,NA,NA,NA,NA
椎野　新,Softbank,2400,投手,196,95,NA,NA,NA,NA,NA,NA
モイネロ,Softbank,15000,投手,178,69,NA,NA,0,0,2,6
牧原　大成,Softbank,3500,内野手,172,72,2,0,NA,NA,NA,NA
マルティネス,Softbank,10000,投手,185,90,NA,NA,1,0,0,0
森　唯斗,Softbank,46000,投手,176,96,NA,NA,1,0,8,0
尾形　崇斗,Softbank,600,投手,181,83,NA,NA,NA,NA,NA,NA
杉山　一樹,Softbank,1100,投手,193,102,NA,NA,1,0,0,1
千賀　滉大,Softbank,40000,投手,187,89,NA,NA,1,0,0,0
井上　朋也,Softbank,880,内野手,181,87,NA,NA,NA,NA,NA,NA
笹川　吉康,Softbank,600,外野手,193,85,NA,NA,NA,NA,NA,NA
谷川原　健太,Softbank,630,捕手,174,85,NA,NA,NA,NA,NA,NA
川原田　純平,Softbank,550,内野手,170,72,NA,NA,NA,NA,NA,NA
髙橋　純平,Softbank,3000,投手,184,84,NA,NA,1,1,0,2
渡邉　雄大,Softbank,600,投手,185,84,NA,NA,NA,NA,NA,NA
古谷　優人,Softbank,720,投手,176,79,NA,NA,NA,NA,NA,NA
板東　湧梧,Softbank,1500,投手,182,80,NA,NA,NA,NA,NA,NA
上林　誠知,Softbank,5350,外野手,185,88,3,1,NA,NA,NA,NA
リチャード,Softbank,660,内野手,189,119,NA,NA,NA,NA,NA,NA
泉　圭輔,Softbank,2800,投手,188,76,NA,NA,0,0,0,4
デスパイネ,Softbank,40000,外野手,175,95,17,1,NA,NA,NA,NA
野村　大樹,Softbank,640,内野手,171,83,NA,NA,NA,NA,NA,NA
田浦　文丸,Softbank,560,投手,168,79,NA,NA,1,0,0,0
嘉弥真　新也,Softbank,14000,投手,172,71,NA,NA,1,0,0,6
サファテ,Softbank,50000,投手,193,102,NA,NA,NA,NA,NA,NA
水谷　瞬,Softbank,520,外野手,193,95,NA,NA,NA,NA,NA,NA
釜元　豪,Softbank,1200,外野手,180,81,NA,NA,NA,NA,NA,NA
奥村　政稔,Softbank,1000,投手,176,72,NA,NA,NA,NA,NA,NA
海野　隆司,Softbank,1200,捕手,174,78,0,0,NA,NA,NA,NA
川原　弘之,Softbank,1300,投手,187,99,NA,NA,0,0,0,0
真砂　勇介,Softbank,900,外野手,185,87,10,1,NA,NA,NA,NA
九鬼　隆平,Softbank,650,捕手,180,83,NA,NA,NA,NA,NA,NA
松本　裕樹,Softbank,2000,投手,182,85,NA,NA,1,2,0,0
笠谷　俊介,Softbank,2200,投手,173,72,NA,NA,1,2,0,0
三森　大貴,Softbank,700,内野手,186,73,NA,NA,NA,NA,NA,NA
小林　珠維,Softbank,470,内野手,183,87,NA,NA,NA,NA,NA,NA
田上　奏大,Softbank,550,投手,185,87,NA,NA,NA,NA,NA,NA
川島　慶三,Softbank,7000,内野手,171,74,8,1,NA,NA,NA,NA
佐藤　宏樹,Softbank,400,投手,180,80,NA,NA,NA,NA,NA,NA
石塚　綜一郎,Softbank,360,捕手,181,84,NA,NA,NA,NA,NA,NA
大関　友久,Softbank,400,投手,185,96,NA,NA,NA,NA,NA,NA
中道　佑哉,Softbank,400,投手,182,73,NA,NA,NA,NA,NA,NA
桑原　秀侍,Softbank,360,投手,175,80,NA,NA,NA,NA,NA,NA
早　真之介,Softbank,360,外野手,181,78,NA,NA,NA,NA,NA,NA
黒瀬　健太,Softbank,500,内野手,181,97,NA,NA,NA,NA,NA,NA
緒方　理貢,Softbank,400,内野手,175,71,NA,NA,NA,NA,NA,NA
伊藤　大将,Softbank,360,内野手,179,85,NA,NA,NA,NA,NA,NA
居谷　匠真,Softbank,360,捕手,178,81,NA,NA,NA,NA,NA,NA
勝連　大稀,Softbank,360,内野手,175,67,NA,NA,NA,NA,NA,NA
舟越　秀虎,Softbank,360,外野手,181,73,NA,NA,NA,NA,NA,NA
渡邉　陸,Softbank,360,捕手,187,84,NA,NA,NA,NA,NA,NA
岡本　直也,Softbank,400,投手,182,80,NA,NA,NA,NA,NA,NA
大城　真乃,Softbank,360,投手,170,70,NA,NA,NA,NA,NA,NA
荒木　翔太,Softbank,360,内野手,184,84,NA,NA,NA,NA,NA,NA
中村　亮太,Softbank,400,投手,183,80,NA,NA,NA,NA,NA,NA
重田　倫明,Softbank,400,投手,185,87,NA,NA,NA,NA,NA,NA
吉住　晴斗,Softbank,790,投手,185,81,NA,NA,NA,NA,NA,NA
ロドリゲス,Softbank,1000,投手,185,88,NA,NA,NA,NA,NA,NA
中村　宜聖,Softbank,360,外野手,184,86,NA,NA,NA,NA,NA,NA
村上　舜,Softbank,360,投手,173,67,NA,NA,NA,NA,NA,NA
栗山　巧,Lions,17000,外野手,177,85,12,1,NA,NA,NA,NA
岡田　雅利,Lions,3000,捕手,173,80,2,0,NA,NA,NA,NA
山川　穂高,Lions,17000,内野手,176,103,4,1,NA,NA,NA,NA
山野辺　翔,Lions,1400,内野手,170,74,5,0,NA,NA,NA,NA
外崎　修汰,Lions,13000,内野手,177,82,4,0,NA,NA,NA,NA
源田　壮亮,Lions,15000,内野手,179,75,36,0,NA,NA,NA,NA
金子　侑司,Lions,12600,外野手,179,76,19,0,NA,NA,NA,NA
渡部　健人,Lions,1600,内野手,176,112,1,1,NA,NA,NA,NA
木村　文紀,Lions,5000,外野手,183,86,8,0,NA,NA,NA,NA
森　友哉,Lions,16000,捕手,170,85,31,4,NA,NA,NA,NA
今井　達也,Lions,2800,投手,180,70,NA,NA,2,2,0,0
渡邉　勇太朗,Lions,650,投手,191,91,NA,NA,NA,NA,NA,NA
髙橋　光成,Lions,6700,投手,190,105,NA,NA,4,0,0,0
増田　達至,Lions,30000,投手,180,88,NA,NA,0,2,8,0
宮川　哲,Lions,2300,投手,177,85,NA,NA,0,1,0,3
松坂　大輔,Lions,2000,投手,182,92,NA,NA,NA,NA,NA,NA
松本　航,Lions,3000,投手,176,87,NA,NA,1,3,0,0
浜屋　将太,Lions,1550,投手,175,77,NA,NA,1,3,0,0
十亀　剣,Lions,7000,投手,183,88,NA,NA,1,0,0,1
スパンジェンバーグ,Lions,8000,内野手,183,89,6,1,NA,NA,NA,NA
平井　克典,Lions,8000,投手,180,86,NA,NA,3,1,0,0
佐々木　健,Lions,1350,投手,179,87,NA,NA,NA,NA,NA,NA
内海　哲也,Lions,5625,投手,186,93,NA,NA,NA,NA,NA,NA
森脇　亮介,Lions,3300,投手,175,70,NA,NA,0,0,0,0
小川　龍也,Lions,3600,投手,182,85,NA,NA,0,0,0,0
榎田　大樹,Lions,3700,投手,180,90,NA,NA,NA,NA,NA,NA
佐藤　龍世,Lions,640,内野手,174,88,2,0,NA,NA,NA,NA
山村　崇嘉,Lions,700,内野手,180,86,NA,NA,NA,NA,NA,NA
ギャレット,Lions,8500,投手,188,95,NA,NA,0,0,1,7
佐野　泰雄,Lions,1800,投手,177,90,NA,NA,0,0,0,2
若林　楽人,Lions,1000,外野手,177,72,22,1,NA,NA,NA,NA
伊藤　翔,Lions,820,投手,177,74,NA,NA,0,1,0,2
柘植　世那,Lions,1200,捕手,174,88,1,0,NA,NA,NA,NA
牧野　翔矢,Lions,600,捕手,178,80,NA,NA,NA,NA,NA,NA
呉　念庭,Lions,880,内野手,178,75,26,3,NA,NA,NA,NA
田村　伊知郎,Lions,1000,投手,173,86,NA,NA,0,0,0,0
井上　広輝,Lions,600,投手,181,82,NA,NA,0,0,0,0
吉川　光夫,Lions,3000,投手,178,79,NA,NA,0,0,0,0
與座　海人,Lions,900,投手,173,78,NA,NA,NA,NA,NA,NA
本田　圭佑,Lions,1360,投手,180,80,NA,NA,0,1,0,0
鈴木　将平,Lions,960,外野手,175,78,2,0,NA,NA,NA,NA
松岡　洸希,Lions,750,投手,180,81,NA,NA,NA,NA,NA,NA
武隈　祥太,Lions,2200,投手,180,90,NA,NA,0,0,0,2
ブランドン,Lions,700,内野手,179,84,3,1,NA,NA,NA,NA
中塚　駿太,Lions,700,投手,191,102,NA,NA,NA,NA,NA,NA
西川　愛也,Lions,730,外野手,180,82,0,0,NA,NA,NA,NA
山田　遥楓,Lions,620,内野手,180,84,14,0,NA,NA,NA,NA
愛斗,Lions,740,外野手,177,92,21,4,NA,NA,NA,NA
ニール,Lions,21500,投手,191,95,NA,NA,NA,NA,NA,NA
川野　涼多,Lions,650,内野手,178,78,NA,NA,NA,NA,NA,NA
齊藤　大将,Lions,1300,投手,178,80,NA,NA,NA,NA,NA,NA
熊代　聖人,Lions,1200,外野手,175,77,0,0,NA,NA,NA,NA
大曲　錬,Lions,900,投手,179,78,NA,NA,NA,NA,NA,NA
中村　剛也,Lions,22000,内野手,175,102,30,2,NA,NA,NA,NA
平良　海馬,Lions,4200,投手,173,100,NA,NA,1,0,1,14
駒月　仁人,Lions,500,捕手,176,97,NA,NA,NA,NA,NA,NA
綱島　龍生,Lions,500,内野手,178,78,0,0,NA,NA,NA,NA
上間　永遠,Lions,500,投手,180,79,NA,NA,1,1,0,0
戸川　大輔,Lions,560,外野手,188,90,NA,NA,NA,NA,NA,NA
仲三河　優太,Lions,600,外野手,180,90,NA,NA,NA,NA,NA,NA
粟津　凱士,Lions,700,投手,180,88,NA,NA,NA,NA,NA,NA
岸　潤一郎,Lions,550,外野手,174,82,0,0,NA,NA,NA,NA
川越　誠司,Lions,880,外野手,174,80,0,0,NA,NA,NA,NA
高木　渉,Lions,700,外野手,181,81,NA,NA,NA,NA,NA,NA
齊藤　誠人,Lions,500,捕手,180,86,NA,NA,NA,NA,NA,NA
ダーモディ,Lions,6000,投手,196,102,NA,NA,0,0,0,0
メヒア,Lions,10000,内野手,198,118,NA,NA,NA,NA,NA,NA
多和田　真三郎,Lions,1000,投手,182,82,NA,NA,NA,NA,NA,NA
出井　敏博,Lions,400,投手,185,75,NA,NA,NA,NA,NA,NA
赤上　優人,Lions,400,投手,177,81,NA,NA,NA,NA,NA,NA
長谷川　信哉,Lions,280,内野手,183,80,NA,NA,NA,NA,NA,NA
ジョセフ,Lions,400,外野手,175,88,NA,NA,NA,NA,NA,NA
豆田　泰志,Lions,280,投手,173,82,NA,NA,NA,NA,NA,NA
東野　葵,Lions,400,投手,183,85,NA,NA,NA,NA,NA,NA
大窪　士夢,Lions,280,投手,199,96,NA,NA,NA,NA,NA,NA
中熊　大智,Lions,400,捕手,174,87,NA,NA,NA,NA,NA,NA
水上　由伸,Lions,400,投手,176,81,NA,NA,NA,NA,NA,NA
小深田　大翔,Eagles,3300,内野手,168,69,27,1,NA,NA,NA,NA
松井　裕樹,Eagles,25000,投手,174,74,NA,NA,0,1,8,0
太田　光,Eagles,1700,捕手,178,76,18,3,NA,NA,NA,NA
浅村　栄斗,Eagles,50000,内野手,182,90,36,1,NA,NA,NA,NA
オコエ　瑠偉,Eagles,1000,外野手,185,90,NA,NA,NA,NA,NA,NA
茂木　栄五郎,Eagles,7400,内野手,171,75,18,5,NA,NA,NA,NA
藤田　一也,Eagles,3000,内野手,175,75,NA,NA,NA,NA,NA,NA
鈴木　大地,Eagles,20000,内野手,175,79,33,0,NA,NA,NA,NA
辰己　涼介,Eagles,2000,外野手,180,74,34,6,NA,NA,NA,NA
吉持　亮汰,Eagles,450,内野手,175,68,NA,NA,NA,NA,NA,NA
ディクソン,Eagles,10400,内野手,188,97,7,1,NA,NA,NA,NA
岸　孝之,Eagles,25000,投手,180,77,NA,NA,2,3,0,0
カスティーヨ,Eagles,6800,外野手,175,93,0,0,NA,NA,NA,NA
森原　康平,Eagles,3500,投手,185,88,NA,NA,0,0,0,0
則本　昂大,Eagles,30000,投手,178,82,NA,NA,2,1,0,0
森　雄大,Eagles,400,投手,184,74,NA,NA,NA,NA,NA,NA
涌井　秀章,Eagles,16000,投手,185,85,NA,NA,4,0,0,0
王　彦程,Eagles,230,投手,180,82,NA,NA,NA,NA,NA,NA
塩見　貴洋,Eagles,4000,投手,182,77,NA,NA,NA,NA,NA,NA
田中　将大,Eagles,90000,投手,188,97,NA,NA,2,1,0,0
藤平　尚真,Eagles,1200,投手,185,85,NA,NA,NA,NA,NA,NA
安樂　智大,Eagles,1700,投手,186,87,NA,NA,1,0,0,0
早川　隆久,Eagles,1600,投手,180,76,NA,NA,3,2,0,0
牧田　和久,Eagles,11000,投手,177,85,NA,NA,0,0,0,2
弓削　隼人,Eagles,1350,投手,193,105,NA,NA,0,0,0,0
黒川　史陽,Eagles,650,内野手,182,86,4,0,NA,NA,NA,NA
田中　和基,Eagles,2800,外野手,181,75,1,0,NA,NA,NA,NA
岡島　豪郎,Eagles,2300,外野手,176,82,18,2,NA,NA,NA,NA
酒居　知史,Eagles,4000,投手,178,80,NA,NA,0,0,0,5
高田　孝一,Eagles,1100,投手,183,91,NA,NA,NA,NA,NA,NA
横尾　俊建,Eagles,1900,内野手,177,95,6,0,NA,NA,NA,NA
福井　優也,Eagles,2000,投手,178,85,NA,NA,NA,NA,NA,NA
ブセニッツ,Eagles,15600,投手,185,81,NA,NA,0,0,0,1
銀次,Eagles,11000,内野手,174,78,0,0,NA,NA,NA,NA
山﨑　剛,Eagles,900,内野手,173,74,NA,NA,NA,NA,NA,NA
島内　宏明,Eagles,12000,外野手,180,75,27,3,NA,NA,NA,NA
内田　靖人,Eagles,1300,内野手,185,86,4,0,NA,NA,NA,NA
岩見　雅紀,Eagles,950,外野手,187,108,1,0,NA,NA,NA,NA
引地　秀一郎,Eagles,600,投手,188,84,NA,NA,NA,NA,NA,NA
内間　拓馬,Eagles,820,投手,179,86,NA,NA,NA,NA,NA,NA
釜田　佳直,Eagles,1200,投手,177,77,NA,NA,NA,NA,NA,NA
宋　家豪,Eagles,4700,投手,185,92,NA,NA,0,0,0,6
足立　祐一,Eagles,1600,捕手,178,83,0,0,NA,NA,NA,NA
渡邊　佑樹,Eagles,500,投手,183,85,NA,NA,0,0,0,2
下水流　昂,Eagles,1360,外野手,178,88,NA,NA,NA,NA,NA,NA
藤井　聖,Eagles,1120,投手,176,80,NA,NA,NA,NA,NA,NA
渡邊　佳明,Eagles,1150,内野手,180,79,5,0,NA,NA,NA,NA
福森　耀真,Eagles,650,投手,178,87,NA,NA,NA,NA,NA,NA
武藤　敦貴,Eagles,560,外野手,178,73,1,0,NA,NA,NA,NA
小郷　裕哉,Eagles,950,外野手,178,85,12,2,NA,NA,NA,NA
津留﨑　大成,Eagles,1200,投手,177,86,NA,NA,0,0,0,1
髙田　萌生,Eagles,690,投手,178,83,NA,NA,0,1,0,0
和田　恋,Eagles,800,外野手,180,93,NA,NA,NA,NA,NA,NA
田中　貴也,Eagles,650,捕手,178,85,0,0,NA,NA,NA,NA
鈴木　翔天,Eagles,660,投手,185,82,NA,NA,0,0,0,0
瀧中　瞭太,Eagles,1300,投手,180,93,NA,NA,2,2,0,0
辛島　航,Eagles,5100,投手,173,72,NA,NA,NA,NA,NA,NA
菅原　秀,Eagles,900,投手,183,78,NA,NA,0,0,0,0
石橋　良太,Eagles,2000,投手,175,77,NA,NA,NA,NA,NA,NA
佐藤　智輝,Eagles,600,投手,183,80,NA,NA,NA,NA,NA,NA
西口　直人,Eagles,530,投手,183,83,NA,NA,0,0,0,0
入江　大樹,Eagles,550,内野手,185,83,NA,NA,NA,NA,NA,NA
福山　博之,Eagles,1700,投手,172,70,NA,NA,0,0,0,2
堀内　謙伍,Eagles,900,捕手,174,82,NA,NA,NA,NA,NA,NA
村林　一輝,Eagles,700,内野手,180,73,2,1,NA,NA,NA,NA
下妻　貴寛,Eagles,850,捕手,186,85,4,0,NA,NA,NA,NA
寺岡　寛治,Eagles,900,投手,180,89,NA,NA,NA,NA,NA,NA
内　星龍,Eagles,500,投手,190,88,NA,NA,NA,NA,NA,NA
石原　彪,Eagles,600,捕手,172,96,NA,NA,NA,NA,NA,NA
コンリー,Eagles,7280,投手,190,94,NA,NA,NA,NA,NA,NA
池田　駿,Eagles,1350,投手,174,78,NA,NA,NA,NA,NA,NA
水上　桂,Eagles,560,捕手,172,75,NA,NA,NA,NA,NA,NA
清宮　虎多朗,Eagles,250,投手,190,84,NA,NA,NA,NA,NA,NA
則本　佳樹,Eagles,250,投手,174,79,NA,NA,NA,NA,NA,NA
江川　侑斗,Eagles,230,捕手,177,81,NA,NA,NA,NA,NA,NA
小峯　新陸,Eagles,230,投手,189,90,NA,NA,NA,NA,NA,NA
山﨑　真彰,Eagles,300,内野手,182,84,NA,NA,NA,NA,NA,NA
澤野　聖悠,Eagles,230,内野手,184,85,NA,NA,NA,NA,NA,NA
石田　駿,Eagles,240,投手,180,74,NA,NA,NA,NA,NA,NA
勝俣　翔貴,Orix,750,内野手,178,88,NA,NA,NA,NA,NA,NA
モヤ,Orix,8000,外野手,201,117,24,3,NA,NA,NA,NA
佐藤　一磨,Orix,240,投手,190,95,NA,NA,NA,NA,NA,NA
若月　健矢,Orix,3800,捕手,179,90,4,0,NA,NA,NA,NA
谷岡　楓太,Orix,240,投手,176,82,NA,NA,NA,NA,NA,NA
中田　惟斗,Orix,240,投手,181,92,NA,NA,NA,NA,NA,NA
安達　了一,Orix,9000,内野手,179,80,23,0,NA,NA,NA,NA
福田　周平,Orix,3700,内野手,167,69,0,0,NA,NA,NA,NA
平野　大和,Orix,240,外野手,177,82,NA,NA,NA,NA,NA,NA
鶴見　凌也,Orix,240,捕手,174,75,NA,NA,NA,NA,NA,NA
西野　真弘,Orix,2150,内野手,167,68,NA,NA,NA,NA,NA,NA
宗　佑磨,Orix,1900,外野手,181,83,16,3,NA,NA,NA,NA
佐藤　優悟,Orix,240,外野手,182,90,NA,NA,NA,NA,NA,NA
松山　真之,Orix,240,投手,174,78,NA,NA,NA,NA,NA,NA
後藤　駿太,Orix,2100,外野手,180,83,NA,NA,NA,NA,NA,NA
大城　滉二,Orix,3500,内野手,175,82,8,0,NA,NA,NA,NA
ジョーンズ,Orix,44000,外野手,188,98,15,1,NA,NA,NA,NA
山﨑　福也,Orix,2800,投手,188,95,NA,NA,1,3,0,0
川瀬　堅斗,Orix,240,投手,183,86,NA,NA,NA,NA,NA,NA
辻垣　高良,Orix,240,投手,182,82,NA,NA,NA,NA,NA,NA
山下　舜平大,Orix,700,投手,189,93,NA,NA,NA,NA,NA,NA
宮城　大弥,Orix,870,投手,171,80,NA,NA,3,0,0,0
宇田川　優希,Orix,240,投手,184,95,NA,NA,NA,NA,NA,NA
吉田　一将,Orix,2900,投手,191,96,NA,NA,NA,NA,NA,NA
釣　寿生,Orix,240,捕手,180,85,NA,NA,NA,NA,NA,NA
荒西　祐大,Orix,1800,投手,178,88,NA,NA,NA,NA,NA,NA
古長　拓,Orix,240,内野手,164,67,NA,NA,NA,NA,NA,NA
平野　佳寿,Orix,15000,投手,186,88,NA,NA,0,1,1,3
増井　浩俊,Orix,20000,投手,181,77,NA,NA,1,3,0,0
山本　由伸,Orix,15000,投手,178,80,NA,NA,3,3,0,0
山岡　泰輔,Orix,8500,投手,172,68,NA,NA,1,2,0,0
竹安　大知,Orix,1600,投手,183,83,NA,NA,1,0,0,0
村西　良太,Orix,870,投手,174,76,NA,NA,0,0,0,1
伏見　寅威,Orix,2650,捕手,182,87,9,1,NA,NA,NA,NA
紅林　弘太郎,Orix,720,内野手,186,94,23,1,NA,NA,NA,NA
西村　凌,Orix,1200,外野手,178,84,NA,NA,NA,NA,NA,NA
能見　篤史,Orix,3500,投手,180,74,NA,NA,0,0,1,2
元　謙太,Orix,650,外野手,186,86,NA,NA,NA,NA,NA,NA
富山　凌雅,Orix,1500,投手,178,84,NA,NA,0,0,0,7
田嶋　大樹,Orix,4200,投手,182,78,NA,NA,1,1,0,0
Ｋ－鈴木,Orix,1650,投手,186,88,NA,NA,0,0,0,0
太田　椋,Orix,1050,内野手,181,81,19,1,NA,NA,NA,NA
ディクソン,Orix,8000,投手,195,84,NA,NA,NA,NA,NA,NA
松井　雅人,Orix,2500,捕手,179,81,NA,NA,NA,NA,NA,NA
吉田　正尚,Orix,28000,外野手,173,85,43,7,NA,NA,NA,NA
比嘉　幹貴,Orix,2100,投手,177,77,NA,NA,0,0,0,3
山足　達也,Orix,1500,内野手,174,76,0,0,NA,NA,NA,NA
中川　颯,Orix,900,投手,184,80,NA,NA,NA,NA,NA,NA
来田　涼斗,Orix,500,外野手,180,85,NA,NA,NA,NA,NA,NA
飯田　優也,Orix,1400,投手,187,92,NA,NA,NA,NA,NA,NA
大下　誠一郎,Orix,840,内野手,171,89,1,0,NA,NA,NA,NA
佐野　皓大,Orix,1600,外野手,182,73,11,1,NA,NA,NA,NA
前　佑囲斗,Orix,550,投手,182,88,NA,NA,NA,NA,NA,NA
頓宮　裕真,Orix,900,捕手,182,103,22,4,NA,NA,NA,NA
阿部　翔太,Orix,880,投手,178,78,NA,NA,0,0,0,0
本田　仁海,Orix,500,投手,181,74,NA,NA,NA,NA,NA,NA
海田　智行,Orix,2200,投手,179,81,NA,NA,NA,NA,NA,NA
齋藤　綱記,Orix,1600,投手,182,89,NA,NA,NA,NA,NA,NA
澤田　圭佑,Orix,2100,投手,178,96,NA,NA,NA,NA,NA,NA
小田　裕也,Orix,2100,外野手,172,75,0,0,NA,NA,NA,NA
ヒギンス,Orix,9000,投手,190,97,NA,NA,0,1,2,1
宜保　翔,Orix,550,内野手,176,75,NA,NA,NA,NA,NA,NA
黒木　優太,Orix,2100,投手,179,85,NA,NA,NA,NA,NA,NA
Ｔ－岡田,Orix,8500,外野手,187,100,10,0,NA,NA,NA,NA
山田　修義,Orix,3500,投手,184,90,NA,NA,0,0,0,2
金田　和之,Orix,1100,投手,184,86,NA,NA,0,0,0,0
佐野　如一,Orix,240,外野手,174,80,0,0,NA,NA,NA,NA
榊原　翼,Orix,1500,投手,180,86,NA,NA,NA,NA,NA,NA
中川　拓真,Orix,450,捕手,178,87,NA,NA,NA,NA,NA,NA
山﨑　颯一郎,Orix,450,投手,190,90,NA,NA,0,0,0,0
廣澤　伸哉,Orix,550,内野手,175,74,NA,NA,NA,NA,NA,NA
漆原　大晟,Orix,1200,投手,182,85,NA,NA,2,1,2,2
吉田　凌,Orix,1600,投手,181,78,NA,NA,NA,NA,NA,NA
中川　圭太,Orix,2200,内野手,180,76,26,1,NA,NA,NA,NA
鈴木　優,Orix,950,投手,181,83,NA,NA,0,0,0,0
ロメロ,Orix,13000,外野手,188,100,2,1,NA,NA,NA,NA
神戸　文也,Orix,800,投手,182,85,NA,NA,NA,NA,NA,NA
張　奕,Orix,1100,投手,182,86,NA,NA,NA,NA,NA,NA
杉本　裕太郎,Orix,1400,外野手,190,104,30,4,NA,NA,NA,NA
岡﨑　大輔,Orix,510,内野手,182,78,NA,NA,NA,NA,NA,NA
稲富　宏樹,Orix,240,捕手,178,83,NA,NA,NA,NA,NA,NA
近藤　大亮,Orix,3750,投手,177,80,NA,NA,NA,NA,NA,NA
西浦　颯大,Orix,500,外野手,178,70,NA,NA,NA,NA,NA,NA
田城　飛翔,Orix,240,外野手,179,70,NA,NA,NA,NA,NA,NA
東　晃平,Orix,250,投手,178,83,NA,NA,NA,NA,NA,NA
フェリペ,Orix,270,捕手,176,78,NA,NA,NA,NA,NA,NA
斎藤　佑樹,Fighters,1250,投手,176,77,NA,NA,NA,NA,NA,NA
杉谷　拳士,Fighters,3500,内野手,173,78,0,0,NA,NA,NA,NA
王　柏融,Fighters,15000,外野手,182,93,2,0,NA,NA,NA,NA
谷口　雄也,Fighters,1500,外野手,182,90,1,0,NA,NA,NA,NA
大田　泰示,Fighters,13000,外野手,188,93,23,2,NA,NA,NA,NA
中田　翔,Fighters,34000,内野手,184,106,20,4,NA,NA,NA,NA
西川　遥輝,Fighters,24000,外野手,181,79,20,2,NA,NA,NA,NA
近藤　健介,Fighters,19500,外野手,171,85,25,5,NA,NA,NA,NA
中島　卓也,Fighters,8000,内野手,178,75,6,0,NA,NA,NA,NA
清水　優心,Fighters,2400,捕手,185,89,9,0,NA,NA,NA,NA
松本　剛,Fighters,2100,外野手,180,82,1,0,NA,NA,NA,NA
生田目　翼,Fighters,920,投手,176,88,NA,NA,NA,NA,NA,NA
加藤　貴之,Fighters,5400,投手,182,90,NA,NA,2,0,0,0
上沢　直之,Fighters,8500,投手,187,88,NA,NA,2,2,0,0
伊藤　大海,Fighters,1500,投手,176,82,NA,NA,1,2,0,0
吉田　輝星,Fighters,1030,投手,175,85,NA,NA,0,1,0,0
金子　弌大,Fighters,3500,投手,180,77,NA,NA,0,1,0,0
上原　健太,Fighters,1700,投手,191,90,NA,NA,NA,NA,NA,NA
清宮　幸太郎,Fighters,2200,内野手,184,103,NA,NA,NA,NA,NA,NA
鶴岡　慎也,Fighters,3000,捕手,176,78,0,0,NA,NA,NA,NA
渡邉　諒,Fighters,5500,内野手,178,84,25,0,NA,NA,NA,NA
野村　佑希,Fighters,880,内野手,187,91,11,0,NA,NA,NA,NA
宮西　尚生,Fighters,25000,投手,180,80,NA,NA,1,2,0,5
淺間　大基,Fighters,1150,外野手,183,82,21,0,NA,NA,NA,NA
古川　裕大,Fighters,900,捕手,182,88,NA,NA,NA,NA,NA,NA
河野　竜生,Fighters,1750,投手,174,84,NA,NA,0,1,0,1
井口　和朋,Fighters,2600,投手,175,78,NA,NA,0,0,0,4
宇佐見　真吾,Fighters,2400,捕手,181,94,1,0,NA,NA,NA,NA
村田　透,Fighters,1600,投手,183,83,NA,NA,0,0,0,0
谷内　亮太,Fighters,1300,内野手,177,82,1,0,NA,NA,NA,NA
立野　和明,Fighters,1000,投手,181,87,NA,NA,NA,NA,NA,NA
堀　瑞輝,Fighters,2800,投手,177,80,NA,NA,1,1,0,5
西村　天裕,Fighters,1900,投手,177,94,NA,NA,0,0,0,0
バーヘイゲン,Fighters,13000,投手,199,106,NA,NA,0,2,0,0
柿木　蓮,Fighters,520,投手,181,89,NA,NA,NA,NA,NA,NA
石井　一成,Fighters,1800,内野手,182,80,12,1,NA,NA,NA,NA
秋吉　亮,Fighters,5000,投手,183,88,NA,NA,NA,NA,NA,NA
福田　俊,Fighters,1250,投手,171,73,NA,NA,0,0,0,0
Ｂ．ロドリゲス,Fighters,3500,投手,196,111,NA,NA,0,0,0,3
長谷川　凌汰,Fighters,520,投手,188,97,NA,NA,0,0,0,2
アーリン,Fighters,8000,投手,183,86,NA,NA,0,0,0,0
平沼　翔太,Fighters,1400,内野手,179,80,1,0,NA,NA,NA,NA
田中　瑛斗,Fighters,560,投手,184,78,NA,NA,NA,NA,NA,NA
鈴木　健矢,Fighters,880,投手,176,78,NA,NA,0,0,0,0
上野　響平,Fighters,530,内野手,172,73,0,0,NA,NA,NA,NA
公文　克彦,Fighters,5000,投手,173,83,NA,NA,0,0,0,0
五十幡　亮汰,Fighters,1100,外野手,171,67,NA,NA,NA,NA,NA,NA
石川　直也,Fighters,4500,投手,192,90,NA,NA,NA,NA,NA,NA
池田　隆英,Fighters,650,投手,181,85,NA,NA,2,3,0,0
Ｒ．ロドリゲス,Fighters,4000,内野手,183,81,0,0,NA,NA,NA,NA
玉井　大翔,Fighters,5600,投手,178,79,NA,NA,0,0,0,2
難波　侑平,Fighters,520,内野手,178,81,NA,NA,NA,NA,NA,NA
細川　凌平,Fighters,520,内野手,174,75,NA,NA,NA,NA,NA,NA
杉浦　稔大,Fighters,3700,投手,190,90,NA,NA,0,1,7,0
谷川　昌希,Fighters,950,投手,175,85,NA,NA,1,0,0,0
根本　悠楓,Fighters,520,投手,173,78,NA,NA,NA,NA,NA,NA
郡　拓也,Fighters,550,捕手,179,86,11,0,NA,NA,NA,NA
今川　優馬,Fighters,840,外野手,177,87,0,0,NA,NA,NA,NA
望月　大希,Fighters,790,投手,187,88,NA,NA,NA,NA,NA,NA
北浦　竜次,Fighters,720,投手,184,96,NA,NA,0,0,0,0
田宮　裕涼,Fighters,530,捕手,175,82,NA,NA,NA,NA,NA,NA
梅林　優貴,Fighters,700,捕手,173,82,NA,NA,NA,NA,NA,NA
万波　中正,Fighters,530,外野手,192,97,2,0,NA,NA,NA,NA
片岡　奨人,Fighters,700,外野手,184,81,NA,NA,NA,NA,NA,NA
石川　亮,Fighters,1100,捕手,181,85,5,0,NA,NA,NA,NA
今井　順之助,Fighters,510,内野手,176,91,NA,NA,NA,NA,NA,NA
髙濱　祐仁,Fighters,550,内野手,185,90,6,1,NA,NA,NA,NA
樋口　龍之介,Fighters,520,内野手,168,91,5,0,NA,NA,NA,NA
宮田　輝星,Fighters,300,外野手,177,75,NA,NA,NA,NA,NA,NA
松本　遼大,Fighters,260,投手,187,96,NA,NA,NA,NA,NA,NA
齊藤　伸治,Fighters,260,投手,181,83,NA,NA,NA,NA,NA,NA
海老原　一佳,Fighters,360,外野手,189,97,NA,NA,NA,NA,NA,NA
高山　優希,Fighters,440,投手,181,82,NA,NA,NA,NA,NA,NA
鈴木　遼太郎,Fighters,440,投手,184,84,NA,NA,NA,NA,NA,NA
姫野　優也,Fighters,440,外野手,184,83,NA,NA,NA,NA,NA,NA
荻野　貴司,Lotte,8000,外野手,172,75,39,1,NA,NA,NA,NA
鳥谷　敬,Lotte,1600,内野手,180,79,6,0,NA,NA,NA,NA
清田　育宏,Lotte,6000,外野手,180,85,NA,NA,NA,NA,NA,NA
藤原　恭大,Lotte,1800,外野手,181,80,9,0,NA,NA,NA,NA
角中　勝也,Lotte,7500,外野手,180,85,15,0,NA,NA,NA,NA
藤岡　裕大,Lotte,3500,内野手,178,77,20,1,NA,NA,NA,NA
安田　尚憲,Lotte,2200,内野手,188,95,26,5,NA,NA,NA,NA
福田　秀平,Lotte,12000,外野手,182,77,NA,NA,NA,NA,NA,NA
中村　奨吾,Lotte,6700,内野手,180,88,36,1,NA,NA,NA,NA
加藤　翔平,Lotte,2200,外野手,183,84,NA,NA,NA,NA,NA,NA
佐々木　千隼,Lotte,1570,投手,181,83,NA,NA,3,0,1,1
石川　歩,Lotte,11000,投手,186,80,NA,NA,1,1,0,0
平沢　大河,Lotte,1800,内野手,176,80,NA,NA,NA,NA,NA,NA
美馬　学,Lotte,12000,投手,169,75,NA,NA,2,0,0,0
種市　篤暉,Lotte,2700,投手,183,88,NA,NA,NA,NA,NA,NA
佐々木　朗希,Lotte,1600,投手,190,85,NA,NA,NA,NA,NA,NA
二木　康太,Lotte,6000,投手,190,85,NA,NA,1,2,0,0
唐川　侑己,Lotte,8000,投手,181,87,NA,NA,2,1,0,11
東條　大樹,Lotte,2700,投手,178,85,NA,NA,0,0,0,1
田村　龍弘,Lotte,7000,捕手,172,81,16,0,NA,NA,NA,NA
三木　亮,Lotte,2200,内野手,175,78,0,0,NA,NA,NA,NA
東妻　勇輔,Lotte,1500,投手,172,80,NA,NA,NA,NA,NA,NA
岡　大海,Lotte,2200,外野手,185,80,10,2,NA,NA,NA,NA
山本　大貴,Lotte,1100,投手,182,90,NA,NA,NA,NA,NA,NA
松永　昂大,Lotte,7500,投手,175,82,NA,NA,NA,NA,NA,NA
西野　勇士,Lotte,5250,投手,183,90,NA,NA,NA,NA,NA,NA
石崎　剛,Lotte,1340,投手,183,91,NA,NA,NA,NA,NA,NA
菅野　剛士,Lotte,2440,外野手,171,83,9,1,NA,NA,NA,NA
佐藤　都志也,Lotte,1600,捕手,181,86,0,0,NA,NA,NA,NA
南　昌輝,Lotte,2400,投手,182,88,NA,NA,NA,NA,NA,NA
土肥　星也,Lotte,1100,投手,186,90,NA,NA,NA,NA,NA,NA
鈴木　昭汰,Lotte,1600,投手,175,80,NA,NA,1,1,0,0
有吉　優樹,Lotte,2700,投手,178,87,NA,NA,NA,NA,NA,NA
小野　郁,Lotte,1700,投手,175,78,NA,NA,0,1,0,4
髙部　瑛斗,Lotte,1000,外野手,178,72,2,1,NA,NA,NA,NA
吉田　裕太,Lotte,1100,捕手,183,99,1,1,NA,NA,NA,NA
福田　光輝,Lotte,880,内野手,176,80,NA,NA,NA,NA,NA,NA
成田　翔,Lotte,670,投手,170,78,NA,NA,NA,NA,NA,NA
ハーマン,Lotte,8800,投手,193,100,NA,NA,0,0,0,8
小島　和哉,Lotte,3400,投手,177,85,NA,NA,0,1,0,0
井上　晴哉,Lotte,5200,内野手,180,114,2,0,NA,NA,NA,NA
宗接　唯人,Lotte,700,捕手,183,90,NA,NA,NA,NA,NA,NA
岩下　大輝,Lotte,3500,投手,182,90,NA,NA,3,2,0,0
田中　靖洋,Lotte,2700,投手,183,88,NA,NA,1,0,0,2
中村　稔弥,Lotte,1800,投手,178,84,NA,NA,0,1,0,0
本前　郁也,Lotte,300,投手,175,76,NA,NA,1,1,0,0
松田　進,Lotte,700,内野手,188,93,NA,NA,NA,NA,NA,NA
山口　航輝,Lotte,560,外野手,183,97,10,4,NA,NA,NA,NA
益田　直也,Lotte,20000,投手,178,80,NA,NA,0,3,6,0
江村　直也,Lotte,1100,捕手,176,80,0,0,NA,NA,NA,NA
レアード,Lotte,24200,内野手,185,98,20,3,NA,NA,NA,NA
エチェバリア,Lotte,10000,内野手,183,90,1,0,NA,NA,NA,NA
中森　俊介,Lotte,720,投手,182,86,NA,NA,NA,NA,NA,NA
小川　龍成,Lotte,1000,内野手,171,72,NA,NA,NA,NA,NA,NA
河村　説人,Lotte,800,投手,192,87,NA,NA,0,0,0,0
西川　僚祐,Lotte,500,外野手,186,98,NA,NA,NA,NA,NA,NA
横山　陸人,Lotte,560,投手,179,86,NA,NA,NA,NA,NA,NA
永野　将司,Lotte,1000,投手,181,82,NA,NA,NA,NA,NA,NA
和田　康士朗,Lotte,1000,外野手,185,77,2,0,NA,NA,NA,NA
大嶺　祐太,Lotte,1200,投手,184,80,NA,NA,NA,NA,NA,NA
古谷　拓郎,Lotte,480,投手,184,80,NA,NA,NA,NA,NA,NA
茶谷　健太,Lotte,600,内野手,186,90,NA,NA,NA,NA,NA,NA
西巻　賢二,Lotte,800,内野手,167,70,NA,NA,NA,NA,NA,NA
土居　豪人,Lotte,440,投手,191,92,NA,NA,0,0,0,0
フローレス,Lotte,500,投手,191,120,NA,NA,NA,NA,NA,NA
マーティン,Lotte,20000,外野手,189,91,34,10,NA,NA,NA,NA
柿沼　友哉,Lotte,1680,捕手,180,82,2,0,NA,NA,NA,NA
小沼　健太,Lotte,300,投手,189,86,NA,NA,NA,NA,NA,NA
谷川　唯人,Lotte,230,捕手,178,72,NA,NA,NA,NA,NA,NA
森　遼大朗,Lotte,230,投手,180,87,NA,NA,NA,NA,NA,NA
山本　大斗,Lotte,230,外野手,180,90,NA,NA,NA,NA,NA,NA
植田　将太,Lotte,300,捕手,180,86,NA,NA,NA,NA,NA,NA
原　嵩,Lotte,500,投手,185,85,NA,NA,NA,NA,NA,NA
髙濱　卓也,Lotte,800,内野手,184,84,NA,NA,NA,NA,NA,NA
アコスタ,Lotte,240,投手,187,89,NA,NA,NA,NA,NA,NA
佐藤　奨真,Lotte,300,投手,177,78,NA,NA,NA,NA,NA,NA
サントス,Lotte,500,外野手,190,83,NA,NA,NA,NA,NA,NA
